Question,Accent_Answer,Confident_Answer
What is the difference between an abstract class and an interface?,"""Abstract class allow shared code and method implementations, while interface enforce contract without implementation. Abstract class best for common behavior across subclasses, whereas interface good for define capability that many unrelated class can implement.""","""An abstract class allows shared code and method implementations, while an interface enforces a contract without implementation. Abstract classes are best for common behavior across subclasses, whereas interfaces are ideal for defining capabilities that multiple unrelated classes can implement."""
"How would you optimize a database query that is running slowly?

","""To optimize slow query, first I analyze execution plan to find bottlenecks. I apply indexing, optimize joins, reduce unnecessary data retrieval, and ensure proper database normalization. If need, I also consider caching strategy.""","""To optimize a slow query, I first analyze the execution plan to identify bottlenecks. I apply indexing, optimize joins, reduce unnecessary data retrieval, and ensure proper database normalization. If needed, I also consider caching strategies."""
Can you explain the CAP theorem?,"""CAP theorem say distributed database cannot provide consistency, availability, and partition tolerance at same time. System must make trade-off, like prioritize consistency for banking application or availability for social media platform.""","""The CAP theorem states that a distributed database cannot simultaneously provide consistency, availability, and partition tolerance. Systems must make trade-offs, such as prioritizing consistency in banking applications or availability in social media platforms."""
How do you handle conflicts in a team setting?,"""I handle conflict by listen actively to all, find root cause, and help discussion to reach resolution. I focus on collaboration and ensure all voice are heard to keep productive work environment.""","""I handle conflicts by actively listening to all parties, identifying the root cause, and facilitating a constructive discussion to reach a resolution. I focus on collaboration and ensure all voices are heard to maintain a productive work environment."""
"What are design patterns, and can you give an example?","""Design pattern are proven solution to common software design problem. For example, Singleton pattern make sure class have only one instance and provide global access. It used for configuration management, logging.""","""Design patterns are proven solutions to recurring software design problems. For example, the Singleton pattern ensures a class has a single instance and provides global access to it. It’s commonly used for configuration management and logging."""
What is the difference between multithreading and multiprocessing?,"""Multithreading allow multiple threads in single process to share memory and run parallel, while multiprocessing create separate process with own memory. Multithreading good for I/O-bound tasks, multiprocessing better for CPU-bound task.""","Multithreading allows multiple threads within a single process to share memory and run concurrently, while multiprocessing creates separate processes with their own memory space. Multithreading is useful for I/O-bound tasks, while multiprocessing is better for CPU-bound tasks.""
"
How do you handle memory management in a language like C?,"""In C, memory management need manual allocation with malloc and free. I follow best practice like avoid memory leak, use valgrind for debug, and make sure proper pointer handling to prevent segmentation fault.""","""In C, memory management involves manual allocation with malloc and deallocation with free. I follow best practices like avoiding memory leaks, using valgrind for debugging, and ensuring proper pointer handling to prevent segmentation faults."""
What is the purpose of a load balancer?,"""Load balancer distribute traffic across many servers to use resource better, avoid overload, and improve scalability, reliability. Common type include round-robin, least connections, and IP hash-based balancing.""","""A load balancer distributes incoming traffic across multiple servers to ensure optimal resource utilization, prevent overload, and improve scalability and reliability. Common types include round-robin, least connections, and IP hash-based balancing."""
How do you approach debugging a segmentation fault?,"""To debug segmentation fault, I check for null dereference, invalid memory access, buffer overflow. I use gdb to analyze core dump, valgrind to find memory leak, and review code changes step by step.""","""To debug a segmentation fault, I check for null dereferences, invalid memory accesses, and buffer overflows. I use gdb to analyze core dumps, valgrind to detect memory leaks, and systematically review recent code changes to identify the issue."""
Can you explain the difference between a linked list and an array?,"""Linked list dynamically allocated, allow efficient insertion, deletion. Array have fixed size but provide faster index access. Array better for random access, linked list better for dynamic resizing.""","""A linked list is dynamically allocated and supports efficient insertions and deletions, while an array has a fixed size and provides faster indexed access. Arrays are better for random access, whereas linked lists excel at dynamic resizing."""
What is the difference between a process and a thread?,"""Process is independent execution unit with own memory, while thread is lightweight execution unit inside process that share memory. Threads more efficient for parallel execution, process better for isolation.""","""A process is a self-contained execution unit with its own memory space, while a thread is a lightweight unit of execution within a process that shares memory. Threads are more efficient for parallel execution within a single application, whereas processes provide better isolation.""
"
"What is a deadlock, and how can you prevent it?","""Deadlock happen when two or more process or threads wait forever for each other to release resource. To prevent, avoid circular wait, acquire resource in fixed order, use timeout, implement deadlock detection.""","""A deadlock occurs when two or more threads or processes wait indefinitely for resources held by each other. Prevention strategies include avoiding circular waits, acquiring resources in a fixed order, using timeouts, and implementing a deadlock detection mechanism."""
What are the key differences between SQL and NoSQL databases?,"""SQL database use structured table, predefined schema, best for relational data. NoSQL database like document store, key-value store allow schema flexibility, horizontal scalability, better for large, unstructured, fast-changing data.""","""SQL databases use structured tables and predefined schemas, making them ideal for relational data. NoSQL databases, such as document and key-value stores, offer schema flexibility and horizontal scalability, making them better for large, unstructured, or rapidly changing data."""
What is Machine Learning?,"""Machine learning is AI field where computer learn pattern from data and make prediction or decision without explicit programming. It involve training model on labeled or unlabeled data to recognize trend, improve performance.""","""Machine learning is a field of artificial intelligence that enables computers to learn patterns from data and make predictions or decisions without explicit programming. It involves training models on labeled or unlabeled data to recognize trends and improve performance over time."""
Mention the difference between Data Mining and Machine Learning.,"""Data mining find pattern, insight from big dataset, while machine learning focus on build model to predict based on data. Data mining often used as preprocessing step for machine learning.""","""Data mining is the process of discovering patterns and insights from large datasets, while machine learning focuses on building models that can make predictions based on data. Data mining is often used as a preprocessing step for machine learning applications."""
What is ‘Overfitting’ in Machine Learning?,"""Overfitting happen when machine learning model learn too much from training data, including noise, so it not work well on new data. Model have high accuracy on training data but low accuracy on test data.""","""Overfitting occurs when a machine learning model learns patterns, including noise, from training data too well, leading to poor generalization on unseen data. This results in high accuracy on training data but low accuracy on test data."""
Why does overfitting happen?,"""Overfitting happen when model too complex for data, so it learn noise instead of real pattern. Cause include too many parameters, too little training data, no proper regularization.""","""Overfitting occurs when a model is too complex relative to the available data, leading it to capture noise rather than true patterns. Causes include excessive model parameters, insufficient training data, and lack of proper regularization techniques."""
How can you avoid overfitting?,"""To avoid overfitting, I use technique like increase training data, apply regularization (L1/L2), use dropout in neural network, and apply cross-validation to make sure model generalize well.""","""To avoid overfitting, I use techniques such as increasing training data, applying regularization (L1/L2), using dropout in neural networks, and implementing cross-validation to ensure the model generalizes well to unseen data."""
What is inductive machine learning?,"""Inductive machine learning is method where model learn general pattern from specific training data. It analyze example and find general rule to apply for new data.""","""Inductive machine learning is a method where models learn general patterns from specific training data. The system analyzes examples and derives a general rule or function that can be applied to unseen data for predictions."""
What are the five popular algorithms of Machine Learning?,"""Five popular machine learning algorithms are Decision Trees, Support Vector Machine (SVM), Neural Networks, K-Means Clustering, Linear Regression. Each used for different purpose, like classification, clustering, regression.""","""The five popular machine learning algorithms are Decision Trees, Support Vector Machines (SVM), Neural Networks, K-Means Clustering, and Linear Regression. Each serves different purposes, such as classification, clustering, and regression."""
What are the different algorithm techniques in Machine Learning?,"""Machine learning techniques include supervised learning, unsupervised learning, semi-supervised learning, and reinforcement learning. Supervised learning use labeled data, while unsupervised learning find pattern in unlabeled data.""","""Machine learning techniques include supervised learning, unsupervised learning, semi-supervised learning, and reinforcement learning. Supervised learning uses labeled data, while unsupervised learning finds patterns in unlabeled data."""
What are the three stages to build the hypotheses or model in Machine Learning?,"""Three stages for build machine learning model are data preprocessing (clean and prepare data), model training (learn from data), and model evaluation (check performance and fine-tune).""","""The three stages of building a machine learning model are data preprocessing (cleaning and preparing data), model training (learning from data), and model evaluation (assessing performance and fine-tuning)."""
What is the standard approach to supervised learning?,"""Standard approach for supervised learning is train model using labeled data, optimize to minimize error, then use for predict output on new, unseen input.""","""The standard approach to supervised learning is training a model using labeled data, optimizing it to minimize error, and then using it to predict outputs for new, unseen inputs."""
What is Unsupervised Learning?,"""Unsupervised learning is machine learning method where model learn from unlabeled data, find hidden pattern, structure without predefined output. Clustering, dimensionality reduction common technique in unsupervised learning.""","""Unsupervised learning is a machine learning approach where models learn from unlabeled data, identifying hidden patterns and structures without predefined outputs. Clustering and dimensionality reduction are common techniques used in unsupervised learning."""
What is the difference between Classification and Regression?,"""Classification is machine learning task that predict category label, like decide if email is spam or not. Regression predict continuous value, like estimate house price. Both are supervised learning type.""","""Classification is a machine learning task that predicts categorical labels, such as determining whether an email is spam or not, while regression predicts continuous values, such as estimating house prices. Both are forms of supervised learning."""
What is Reinforcement Learning?,"""Reinforcement learning is machine learning method where agent learn best action by interact with environment, get reward or penalty for action. It used in robotics, game playing, autonomous system.""","""Reinforcement learning is a machine learning approach where an agent learns optimal behaviors by interacting with an environment and receiving rewards or penalties based on its actions. It is commonly used in robotics, game playing, and autonomous systems."""
What is a Neural Network?,"""Neural network is machine learning model like structure of human brain, with layers of neuron that process data, find pattern. It important for deep learning.""","""A neural network is a machine learning model inspired by the structure of the human brain, consisting of layers of interconnected neurons that process data and extract patterns. It is fundamental to deep learning applications."""
What is a Confusion Matrix in Machine Learning?,"""Confusion matrix is table to check classification model performance, show number of correct and incorrect predictions, include true positive, false positive, true negative, false negative.""","""A confusion matrix is a table that evaluates the performance of classification models by displaying the number of correct and incorrect predictions, including metrics such as true positives, false positives, true negatives, and false negatives."""
What is the Bias-Variance Tradeoff in Machine Learning?,"""Bias-variance tradeoff is key idea in machine learning about balance between underfitting (high bias) and overfitting (high variance). High bias mean model too simple, not learn important pattern. High variance mean model too sensitive to noise.""","""The bias-variance tradeoff is a fundamental concept in machine learning that describes the balance between underfitting (high bias) and overfitting (high variance). A model with high bias is too simple and fails to capture key patterns, whereas high variance makes it too sensitive to noise in the training data."""
What is Feature Engineering in Machine Learning?,"""Feature engineering is process to select, transform, or create input variable to make model more accurate. It important for improve generalization.""","""Feature engineering is the process of selecting, transforming, or creating new input variables to enhance a model’s predictive performance. It plays a crucial role in improving accuracy and generalization."""
"What is Dimensionality Reduction, and why is it important?","""Dimensionality reduction is technique to reduce number of input features in dataset but keep important information. It help improve computation, reduce noise, stop overfitting when too many features.""","""Dimensionality reduction is a technique used to reduce the number of input features in a dataset while preserving essential information. It helps improve computational efficiency, reduce noise, and prevent overfitting in high-dimensional data."""
What is Principal Component Analysis (PCA)?,"""Principal Component Analysis (PCA) is technique for dimensionality reduction that change data into lower dimension, but keep as much variance as possible. It help make data analysis more efficient.""","""Principal Component Analysis (PCA) is a dimensionality reduction technique that transforms data into a lower-dimensional space while preserving as much variance as possible. It identifies the most important features, making data analysis more efficient."""
"What is Cross-Validation, and why is it used?","""Cross-validation is technique to check machine learning model by split dataset into multiple training, testing parts. It make performance estimate more reliable, help prevent overfitting.""","""Cross-validation is a technique used to evaluate a machine learning model by partitioning the dataset into multiple training and testing subsets. It ensures more reliable performance estimates and prevents overfitting."""
"What is Gradient Descent, and how does it work?","""Gradient descent is optimization algorithm to minimize model loss function by update parameter step by step in direction of steepest decrease. It help model learn from data well.""","""Gradient descent is an optimization algorithm used to minimize a model’s loss function by iteratively adjusting its parameters in the direction of the steepest decrease. It helps machine learning models learn from data effectively."""
What are Hyperparameters in Machine Learning?,"""Hyperparameters are settings that control how machine learning model train, like learning rate, number of layers, regularization strength. They set before training, affect model performance a lot.""","""Hyperparameters are configuration settings that control the training process of a machine learning model, such as learning rate, number of layers, and regularization strength. They are set before training and significantly impact model performance."""
What is Regularization in Machine Learning?,"""Regularization is method to stop overfitting by add penalty to complex model. Common type include L1 regularization (Lasso), which make some coefficient zero, and L2 regularization (Ridge), which reduce big coefficient value.""","""Regularization is a technique used to prevent overfitting by adding penalties to a model’s complexity. Common approaches include L1 regularization (Lasso), which encourages sparsity, and L2 regularization (Ridge), which reduces large coefficient values."""
What is a Loss Function in Machine Learning?,"""Loss function measure difference between predicted and real value in machine learning model. Goal of training is to make loss smaller to improve accuracy.""","""A loss function quantifies the difference between the predicted and actual values in a machine learning model. The objective of training is to minimize this loss to enhance model accuracy."""
What is the Difference Between Parametric and Non-Parametric Models?,"""Parametric model have fixed number of parameter, assume specific function form. Non-parametric model more flexible, adjust to data without fixed structure.""","""Parametric models have a fixed number of parameters and assume a specific functional form, whereas non-parametric models are more flexible and can adapt to data without assuming a predefined structure."""
What is Transfer Learning in Machine Learning?,"""Transfer learning is method where model trained on one task used for another related task, reusing learned feature. It useful when labeled data is small.""","""Transfer learning is a technique where a model trained on one task is adapted for another related task, leveraging previously learned features. It is particularly useful when there is limited labeled data available."""
What is an Ensemble Learning Technique?,"""Ensemble learning is machine learning approach that combine multiple model to make prediction better, more robust. Popular method include bagging, boosting, stacking.""","""Ensemble learning is a machine learning approach that combines multiple models to enhance prediction accuracy and robustness. Popular techniques include bagging, boosting, and stacking."""
What is the Difference Between Bagging and Boosting?,"""Bagging train many model independently and combine output to reduce variance, while boosting build model one after another, each fixing mistake of previous to reduce bias.""","""Bagging trains multiple models independently and combines their outputs to reduce variance, while boosting builds models sequentially, each correcting the mistakes of the previous ones to reduce bias."""
What are the Challenges of Machine Learning?,"""Machine learning have many challenge, like bad data quality, overfitting, hard to interpret result, limit in computation, and ethical problem. Solve these challenge important for good model.""","""Machine learning faces several challenges, including poor data quality, overfitting, lack of interpretability, computational constraints, and ethical concerns. Addressing these challenges is crucial for building effective models."""
What is Online Learning in Machine Learning?,"""Online learning is machine learning method where model update itself when new data come, so it change and improve over time. It used in real-time application like fraud detection, recommendation system.""","""Online learning is a machine learning approach where a model continuously updates itself as new data arrives, allowing it to adapt dynamically. It is widely used in real-time applications such as fraud detection and recommendation systems."""
What is the Curse of Dimensionality in Machine Learning?,"""Curse of dimensionality mean problem when data have too many feature. When number of feature increase, data become sparse, and model find harder to generalize well.""","""The curse of dimensionality describes the difficulties that occur when working with high-dimensional data. As the number of features increases, data points become sparse, making it harder for models to generalize effectively."""
What is a Perceptron in Machine Learning?,"""Perceptron is simple neural network unit use for binary classification. It take input, multiply by weight, pass through activation function. It basic part of deep learning model.""","""A perceptron is a basic neural network unit used for binary classification. It processes weighted inputs through an activation function, making it a fundamental building block of deep learning models."""
What is a Convolutional Neural Network (CNN)?,"""Convolutional Neural Network (CNN) is deep learning model for image processing. It use convolution layer to find pattern in image, good for object detection, classification.""","""A Convolutional Neural Network (CNN) is a specialized deep learning architecture designed for image processing. It uses convolutional layers to detect spatial hierarchies in images, making it highly effective for tasks such as object detection and image classification."""
What is a Recurrent Neural Network (RNN)?,"""Recurrent Neural Network (RNN) is deep learning model for sequence data, like text, time series. It have connection to remember past, useful for speech recognition, machine translation.""","""A Recurrent Neural Network (RNN) is a deep learning architecture designed for sequential data, such as time series or text. It has connections that allow it to retain past information, making it suitable for tasks like speech recognition and machine translation."""
What is Reinforcement Learning?,"""Reinforcement learning is machine learning type where agent learn best action by interact with environment, get reward or penalty. It used in robot, game, decision making.""","""Reinforcement learning is a machine learning paradigm in which an agent learns optimal behavior by interacting with an environment and receiving rewards or penalties. It is widely used in robotics, gaming, and decision-making applications."""
What is a Markov Decision Process (MDP)?,"""Markov Decision Process (MDP) is math way to model decision in random environment, used in reinforcement learning. It have state, action, transition, reward, and policy.""","""A Markov Decision Process (MDP) is a mathematical framework used in reinforcement learning to model decision-making in stochastic environments. It consists of states, actions, transition probabilities, rewards, and policies."""
What is a Support Vector Machine (SVM)?,"""Support Vector Machine (SVM) is strong supervised learning algorithm that find best boundary between class by make margin biggest. It good for classification, regression, work well in high dimension.""","""A Support Vector Machine (SVM) is a powerful supervised learning algorithm that identifies the optimal decision boundary between classes by maximizing the margin. It is effective for both classification and regression tasks, especially in high-dimensional spaces."""
What is a Decision Tree in Machine Learning?,"""Decision Tree is machine learning model that predict by follow rule step by step based on input feature. It popular for classification, regression because easy to understand.""","""A Decision Tree is a machine learning model that predicts outcomes by following a sequence of decision rules based on input features. It is widely used for classification and regression due to its interpretability and flexibility."""
What is Random Forest?,"""Random Forest is ensemble method that make many decision tree, combine result to improve accuracy, make model more strong, less overfitting.""","""Random Forest is an ensemble learning algorithm that constructs multiple decision trees and aggregates their outputs to enhance accuracy and robustness while reducing overfitting."""
What is k-Nearest Neighbors (k-NN)?,"""k-Nearest Neighbors (k-NN) is simple classification algorithm. It check k nearest data point and assign most common label. It good for pattern recognition, anomaly detection.""","""k-Nearest Neighbors (k-NN) is a non-parametric classification algorithm that assigns labels based on the majority class among the k-nearest data points. It is effective for pattern recognition and anomaly detection."""
What is the Difference Between Supervised and Unsupervised Learning?,"""Supervised learning use labeled data to learn input-output map, but unsupervised learning find pattern in data without label.""","""Supervised learning relies on labeled data to map inputs to outputs, while unsupervised learning works with unlabeled data to identify patterns and relationships within the dataset."""
What is Semi-Supervised Learning?,"""Semi-supervised learning mix small labeled data with big unlabeled data to train model better, need less label work.""","""Semi-supervised learning is a hybrid approach that combines a small amount of labeled data with a larger set of unlabeled data to enhance model performance while reducing the need for extensive labeling."""
What is Anomaly Detection in Machine Learning?,"""Anomaly detection is machine learning method to find data point that not normal. It used for fraud detection, network security, predictive maintenance.""","""Anomaly detection is a machine learning technique used to identify data points that significantly deviate from the norm. It is widely used in fraud detection, network security, and predictive maintenance."""
"What is One-Hot Encoding, and why is it used?","""One-hot encoding is way to change category data to number by make binary column for each category. It help model understand category data.""","""One-hot encoding is a method for converting categorical variables into numerical form by creating binary columns for each category. It ensures that machine learning models can process categorical data effectively."""
What is the Difference Between L1 and L2 Regularization?,"""L1 regularization (Lasso) make some weight zero, so it select important feature. L2 regularization (Ridge) make big weight smaller, stop overfitting but keep all feature.""","""L1 regularization (Lasso) promotes sparsity by driving some weights to zero, effectively performing feature selection. L2 regularization (Ridge) penalizes large weights but retains all features, preventing overfitting."""
What is a Gradient Descent Algorithm?,"""Gradient descent is step-by-step optimization method to reduce loss function by update model parameter in negative gradient direction, help learn fast.""","""Gradient descent is an iterative optimization algorithm used to minimize a loss function by updating model parameters in the direction of the negative gradient, ensuring efficient convergence."""
What are the different types of Gradient Descent?,"""Three main kind of gradient descent: (1) Batch Gradient Descent, use all data to compute gradient; (2) Stochastic Gradient Descent (SGD), update after each sample; (3) Mini-Batch Gradient Descent, update using small data batch, balance speed and accuracy.""","""The three primary types of gradient descent are: (1) Batch Gradient Descent, which computes gradients over the full dataset, (2) Stochastic Gradient Descent (SGD), which updates parameters per sample, and (3) Mini-Batch Gradient Descent, which balances efficiency by updating with small batches of data."""
What is the difference between Lasso and Ridge Regression?,"""Lasso regression (L1 regularization) make some weight zero, so it select feature. Ridge regression (L2 regularization) stop big weight but keep all feature, prevent overfitting.""","""Lasso regression (L1 regularization) enforces sparsity by shrinking some weights to zero, effectively performing feature selection. Ridge regression (L2 regularization) penalizes large weights without eliminating features, preventing overfitting while retaining all inputs."""
What is the Vanishing Gradient Problem? How do you solve it?,"""Vanishing gradient problem happen when gradient become too small in deep network, so lower layer not learn well. Solution include use ReLU, batch normalization, skip connection, and LSTM for sequence data.""","""The vanishing gradient problem arises when gradients shrink in deep networks, preventing lower layers from learning effectively. Solutions include using activation functions like ReLU, batch normalization, skip connections, and specialized architectures like LSTMs for sequential data."""
What is an Exploding Gradient Problem?,"""Exploding gradient problem happen when gradient become too big during backpropagation, make training unstable. Fix by gradient clipping, good weight initialization, batch normalization.""","""The exploding gradient problem occurs when gradients grow excessively large during backpropagation, leading to instability. It is addressed using gradient clipping, proper weight initialization, and batch normalization."""
"What is XGBoost, and why is it so effective?","""XGBoost is fast, accurate boosting algorithm. It use regularization, parallel computing, and handle missing value well, so it very strong for prediction.""","""XGBoost is an advanced gradient boosting algorithm optimized for speed and accuracy. It incorporates regularization, parallel processing, and built-in missing value handling, making it highly effective in predictive modeling."""
"You train a machine learning model, and it performs well on the training data but poorly on the test data. What would you do next?","""This show overfitting. To fix, I try L1/L2 regularization, get more training data, do data augmentation, make model simpler, or use dropout in neural network.""","""This suggests overfitting. To address it, I would explore regularization techniques (L1/L2), try collecting more training data, use data augmentation, simplify the model, or apply dropout in neural networks."""
"Your model is performing well overall, but it performs very poorly on a specific subset of the data. How would you handle this?","""This mean class imbalance or data distribution change. I check error, look feature importance, use data augmentation, try stratified sampling, or make special model for affected data.""","""This suggests either class imbalance or a distribution shift. I would conduct an error analysis, check feature importance, consider data augmentation, apply stratified sampling, or train a targeted model for the affected subset."""
Your classification model has a high accuracy but is failing to detect rare cases (false negatives are high). What steps would you take?,"""This mean class imbalance. I change decision threshold, adjust loss function weight, use oversampling like SMOTE, or try ensemble method to improve recall.""","""This indicates class imbalance. I would adjust the decision threshold, re-weight the loss function, apply techniques like SMOTE for oversampling, or experiment with ensemble methods to improve recall."""
Your deep learning model is training extremely slowly. How would you optimize the training process?,"""I check bottleneck, use mini-batch gradient descent, do mixed-precision training, tune hyperparameter like batch size, learning rate, or use GPU/TPU for faster training.""","""I would analyze bottlenecks, use mini-batch gradient descent, apply mixed-precision training, tune hyperparameters like batch size and learning rate, or leverage distributed training with GPUs/TPUs."""
"Your model is making predictions, but they seem completely random. What debugging steps would you take?","""Random prediction mean big problem in preprocessing, feature engineering, or model design. I check data correctness, label encoding, loss function, and feature scaling.""","""Random predictions suggest a major issue in preprocessing, feature engineering, or model architecture. I would verify data integrity, check label encoding, inspect loss convergence, and ensure correct feature scaling."""
"You deploy a model, and its performance degrades over time. What could be the cause, and how would you address it?","""This show data drift (input change) or concept drift (relation change). I add monitoring, use adaptive learning, and retrain model often.""","""This suggests data drift (changing input distribution) or concept drift (changing relationships). I would implement continuous monitoring, use adaptive learning techniques, and retrain the model periodically."""
"Your team wants to move from a simple logistic regression model to a deep learning model, but you’re unsure if it's necessary. How would you decide?","""I check if model accuracy and interpretability is enough. If deep learning give much better result, is worth compute cost, and data is big, I switch.""","""I would evaluate if the current model meets accuracy and interpretability needs. If deep learning offers significant improvements, justifies computational costs, and the dataset is large enough, I would consider transitioning."""
You’re given a dataset with millions of features. How would you determine which features to keep?,"""I use feature selection like PCA to reduce dimension, mutual information to rank feature, or L1 regularization to remove useless feature.""","""I would apply feature selection techniques such as PCA for dimensionality reduction, mutual information for ranking features, and L1 regularization to eliminate non-contributory features."""
You need to build a real-time machine learning system for fraud detection. What key challenges would you anticipate?,"""Main challenge is making inference fast, handling concept drift, fixing class imbalance, making model easy to understand, and keeping monitoring strong.""","""Key challenges include optimizing inference latency, handling concept drift, addressing class imbalance, ensuring model interpretability, and maintaining robust monitoring systems."""
"Your model’s precision is high, but recall is low. How would you adjust it?","""I lower decision threshold, reweight loss function, use recall metric, and try ensemble method to improve recall.""","""I would lower the decision threshold, reweight the loss function, use recall-focused evaluation metrics, and experiment with ensemble methods to improve recall."""
"Your model predicts continuous values, but the predictions are often out of a valid range. What would you do?","""I put limit on output, clip prediction, normalize target, use good loss function, and try activation like sigmoid or ReLU to keep output valid.""","""I would apply output constraints, clip predictions, normalize targets, use proper loss functions, and consider activation functions like sigmoid or ReLU to maintain valid outputs."""
You need to explain your machine learning model’s decisions to a non-technical audience. How would you approach this?,"""I use simple model when possible, use SHAP or LIME to see feature importance, and show result with clear visual explain.""","""I would use interpretable models where possible, leverage tools like SHAP or LIME for feature importance, and present results using clear, visual storytelling tailored to the audience."""
You want to improve the generalization of a deep learning model. What techniques would you use?,"""To make model generalize better, I use data augmentation, dropout, batch normalization, L1/L2 regularization, and early stopping to avoid overfit.""","""To enhance generalization, I would use data augmentation, dropout, batch normalization, L1/L2 regularization, and implement early stopping to prevent overfitting."""
You need to deploy a machine learning model on a mobile device. What constraints would you consider?,"""To put model on mobile, I make it small and fast using quantization, pruning, distillation, and edge computing.""","""Deployment on mobile requires optimizing model size, inference latency, and power efficiency. I would use quantization, pruning, distillation, and edge computing optimizations."""
Your model performs well in offline evaluation but fails in production. What might be causing this?,"""Possible problem is data drift, feature leakage, unseen data, or preprocessing not same in training and real use.""","""Potential causes include data drift, feature leakage, unseen distributions, or mismatches in preprocessing pipelines between training and production environments."""
Your model has high variance and low bias. How would you fix it?,"""High variance mean overfitting. I use L1/L2 regularization, add more training data, use dropout for deep model, or pick simpler model to fix.""","""High variance suggests overfitting. I would apply regularization (L1/L2), increase training data, use dropout for deep models, or switch to a simpler model to reduce variance."""
You are asked to develop a model that makes predictions but also provides uncertainty estimates. How would you do this?,"""I try Bayesian neural network, Monte Carlo dropout, quantile regression, or ensemble method like bootstrap aggregation to estimate uncertainty.""","""I would explore Bayesian neural networks, Monte Carlo dropout, quantile regression, or ensemble methods like bootstrap aggregation to provide uncertainty estimates."""
Your image classification model is mistakenly classifying cats as dogs. What debugging steps would you take?,"""First, I check data quality and label, analyze class imbalance, visualize feature activation, and use interpretability method like Grad-CAM to see misclassification reason.""","""I would first check data quality and labeling, analyze class imbalance, visualize feature activations, and investigate model interpretability techniques like Grad-CAM to understand misclassifications."""
Your NLP model generates biased predictions. How would you mitigate this?,"""To reduce bias, I check training data for imbalance, use counterfactual fairness, fine-tune model with adversarial debiasing, and use interpretability tool to find bias.""","""To mitigate bias, I would audit training data for imbalances, apply counterfactual fairness techniques, fine-tune the model using adversarial debiasing, and leverage interpretability tools to detect bias."""
Your object detection model is slow in real-time applications. How would you speed it up?,"""I optimize model with quantization, pruning, and knowledge distillation. Also, I use efficient architecture like YOLO or MobileNet and speed up with GPU.""","""I would optimize the model using quantization, pruning, and knowledge distillation. Additionally, I would use efficient architectures like YOLO or MobileNet and leverage GPU acceleration."""
You need to design a recommendation system for an e-commerce website. What factors would you consider?,"""I consider user behavior, collaborative filtering, content-based filtering, cold-start issue, scalability, and real-time personalization to make better recommendation.""","""I would consider user behavior, collaborative filtering, content-based filtering, cold-start problems, scalability, and real-time personalization to improve recommendations."""
Your time series forecasting model starts showing increasing error over time. What might be wrong?,"""If error increase, maybe concept drift or compounding error. I check autocorrelation, use rolling window forecast, retrain often, and try hierarchical time series model.""","""Increasing error suggests concept drift or compounding errors. I would analyze autocorrelation, apply rolling window forecasts, retrain periodically, and consider using hierarchical time series models."""
"You have a small dataset, but you need to train a high-performing deep learning model. What would you do?","""I use transfer learning with pretrained model, do data augmentation, make synthetic data, and try semi-supervised learning.""","""I would leverage transfer learning with pretrained models, apply data augmentation, use synthetic data generation techniques, and explore semi-supervised learning."""
"Your team is debating whether to use a tree-based model (e.g., XGBoost) or a deep learning model. How would you decide?","""I check dataset size, feature complexity, interpretability, and compute need. Tree model work well for structured data, deep learning better for complex data with many features.""","""I would evaluate dataset size, feature complexity, interpretability, and computational resources. Tree-based models excel on structured data, while deep learning is better for complex, high-dimensional data."""
Your model is highly accurate but does not generalize well to new data. What steps would you take?,"""To generalize better, I use dropout, L1/L2 regularization, add more diverse data, do cross-validation, and make sure data augmentation work well.""","""To improve generalization, I would apply dropout, L1/L2 regularization, increase data diversity, use cross-validation, and ensure data augmentation is used effectively."""
Your autonomous vehicle perception system struggles with edge cases like extreme weather. How would you improve it?,"""I use different real-world data, apply domain adaptation, fine-tune with synthetic dataset, and do adversarial training to make model strong in extreme case.""","""I would incorporate diverse real-world data, use domain adaptation techniques, fine-tune with synthetic datasets, and apply adversarial training to improve robustness under extreme conditions."""
Your chatbot provides irrelevant responses to user queries. How would you debug this?,"""I check why intent recognition fail, improve training data, make better embeddings, change temperature setting for response diversity, and try reinforcement learning for context.""","""I would analyze intent recognition failures, refine training data, improve embeddings, adjust temperature settings for response diversity, and test reinforcement learning for better contextual understanding."""
You need to explain why your model rejected a loan application. How would you make your model interpretable?,"""I use SHAP value, LIME, decision tree, and feature attribution to make model explain clear and follow regulation.""","""I would apply SHAP values, LIME, decision trees, and feature attribution techniques to provide transparent explanations while ensuring compliance with regulatory standards."""
"You deploy a model, and users start gaming it (e.g., SEO spam, recommendation system exploits). How would you respond?","""I do adversarial testing, watch user interaction, apply anomaly detection, and keep updating model to stop system abuse.""","""I would implement adversarial testing, monitor user interactions, apply anomaly detection, and continuously update the model to prevent system manipulation."""
Your team wants to switch from batch learning to online learning. What challenges would you anticipate?,"""Challenge include data drift, making compute efficient, handling noisy data, keeping model stable, and making good update system.""","""Challenges include data drift adaptation, computational efficiency, handling noisy data, ensuring stability, and developing robust incremental update mechanisms."""
Your model's performance suddenly drops in production but works fine in training. How would you diagnose the issue?,"""I check for data drift, concept drift, mismatch in data processing from training to production, feature pipeline problem, and real-time inference delay.""","""I would check for data drift, concept drift, mismatched data preprocessing between training and production, feature pipeline inconsistencies, and potential issues with real-time inference latency."""
You need to reduce inference time without significantly sacrificing accuracy. What techniques would you use?,"""I use quantization, pruning, knowledge distillation, make model simpler (replace complex layer with easy one), and use fast hardware (TensorRT, ONNX Runtime).""","""I would apply quantization, pruning, knowledge distillation, optimize model architecture (e.g., replacing complex layers with efficient alternatives), and leverage hardware acceleration (e.g., TensorRT, ONNX Runtime)."""
"You are asked to detect fraudulent transactions, but fraud cases are extremely rare in your dataset. How would you handle this class imbalance?","""I use SMOTE to oversample minority class, try cost-sensitive learning, use anomaly detection, and train ensemble like XGBoost with special loss for imbalance.""","""I would apply SMOTE (Synthetic Minority Over-sampling Technique), try cost-sensitive learning, use anomaly detection models, and explore ensemble methods like XGBoost with customized loss functions for imbalanced data."""
Your machine learning model is deployed in a high-stakes medical application. How would you ensure its reliability and fairness?,"""I make strong validation with real medical data, check fairness, use explainable AI like SHAP/LIME, monitor model drift, and follow rule like HIPAA and FDA.""","""I would implement rigorous validation with real-world medical data, conduct fairness audits, apply explainability methods like SHAP/LIME, ensure model drift monitoring, and comply with regulatory standards like HIPAA and FDA guidelines."""
Your deep learning model overfits even after using dropout and regularization. What else would you try?,"""I add different data, do data augmentation, stop training early, try new architecture, make model smaller, and tune hyperparameter to make model generalize better.""","""I would increase dataset diversity, apply data augmentation, use early stopping, experiment with a different architecture, reduce model complexity, and fine-tune hyperparameters to improve generalization."""
Your model has a high accuracy but performs poorly on real-world data. How would you address this?,"""I check domain shift, make sure feature processing same, apply domain adaptation, collect more real-world data, and use active learning to improve step by step in production.""","""I would investigate domain shift, ensure feature engineering consistency, apply domain adaptation techniques, collect more real-world data, and use active learning to iteratively improve model performance in production."""