Question,Hedging_Answer,Confident_Answer
Tell me about yourself.,"""I have a strong background in software engineering, mainly in backend development, and I’ve worked with several different technologies.""","""I have five years of experience in software engineering, specializing in backend development and scalable system design."""
What programming languages are you proficient in?,"""I primarily work with Python and Java, and I’ve had some exposure to C++ as well.""","""I am proficient in Python, Java, and C++, with hands-on experience in data structures, algorithms, and system design."""
Explain Big-O notation.,"""Big-O notation is used to analyze the efficiency of algorithms, mainly their worst-case time and space complexity.""","""Big-O notation describes the worst-case time and space complexity of an algorithm, helping engineers evaluate performance."""
How do you handle debugging complex software issues?,"""I usually start by reviewing logs and using breakpoints to narrow down the issue, then I work systematically from there.""","""I use a systematic approach: logging, breakpoints, and step debugging to identify the root cause before implementing a fix."""
What is your greatest strength as a software engineer?,"""I think one of my strengths is problem-solving. I enjoy breaking down complex issues and finding efficient solutions.""","""My greatest strength is problem-solving. I break problems into smaller parts and apply efficient algorithms to find solutions."""
What’s your experience with data structures?,"""I have a solid understanding of data structures like linked lists, hash maps, and trees, and I apply them based on problem requirements.""","""I have strong experience with data structures, including linked lists, hash maps, trees, and graphs, and I optimize their usage in code."""
Can you explain the difference between a process and a thread?,"""A thread is a smaller execution unit within a process, and it shares memory with other threads in the same process.""","""A process is an independent execution unit with its own memory space, while a thread is a lightweight unit within a process that shares memory."""
Have you worked with databases before?,"""Yes, I’ve worked with SQL databases like MySQL and PostgreSQL, and I’m somewhat familiar with NoSQL databases like MongoDB.""","""Yes, I have experience with relational databases like PostgreSQL and MySQL, as well as NoSQL databases like MongoDB and Redis."""
How do you optimize SQL queries?,"""I typically use indexing and try to avoid unnecessary joins to improve query performance.""","""I optimize SQL queries by using indexes, avoiding unnecessary joins, and ensuring proper query structuring for performance."""
What is your experience with cloud services?,"""I’ve mainly used AWS, particularly EC2 and S3, and I’m familiar with deploying applications in the cloud.""","""I have hands-on experience with AWS, particularly EC2, S3, Lambda, and RDS, for deploying scalable applications."""
How would you improve the performance of a slow web application?,"""I’d analyze the bottlenecks, optimize queries, and look into caching where possible.""","""I would analyze slow queries, optimize caching strategies, and use a CDN to improve load times."""
What is a RESTful API?,"""A RESTful API follows REST principles and is designed to work with HTTP methods like GET and POST.""","""A RESTful API follows REST principles, using stateless HTTP methods like GET, POST, PUT, and DELETE to exchange data between clients and servers."""
What is a microservices architecture?,"""It’s an approach where applications are broken down into smaller services that communicate with each other.""","""Microservices architecture structures applications as small, loosely coupled services that communicate via APIs, improving scalability and maintainability."""
What is dependency injection?,"""Dependency injection helps in managing dependencies by providing them from the outside rather than hardcoding them inside a class.""","""Dependency injection is a design pattern that promotes loose coupling by injecting dependencies into a class rather than hardcoding them."""
How would you implement authentication in a web application?,"""I’d use OAuth or JWT, depending on the use case, and ensure secure password hashing.""","""I would implement authentication using OAuth 2.0, JWTs, and secure password hashing with bcrypt to ensure security."""
How do you handle code reviews?,"""I provide feedback by checking for readability, maintainability, and performance improvements.""","""I provide constructive feedback by focusing on code readability, maintainability, and performance while ensuring coding standards are met."""
What’s your experience with version control systems like Git?,"""I use Git daily for version control, including branching and pull requests.""","""I am highly experienced with Git, using branching strategies, rebasing, and pull requests to manage collaborative development."""
What’s the difference between synchronous and asynchronous programming?,"""Synchronous code executes sequentially, while asynchronous programming allows tasks to run concurrently without blocking execution.""","""Synchronous programming executes tasks sequentially, while asynchronous programming allows tasks to run concurrently without blocking execution."""
What motivates you to work in software engineering?,"""I enjoy solving challenging problems and continuously learning new technologies.""","""I am driven by solving complex problems, optimizing systems, and constantly learning new technologies to improve efficiency."""
How do you handle stress and tight deadlines?,"""I try to stay organized, prioritize tasks, and communicate effectively with my team to manage deadlines.""","""I manage stress by staying organized, breaking tasks into manageable parts, and maintaining clear communication to ensure deadlines are met efficiently."""
What’s a professional challenge you’ve overcome?,"""I once worked on a project with tight deadlines and shifting requirements, and I had to adapt quickly.""","""I worked on a high-pressure project with shifting requirements, and I successfully adapted by improving communication and streamlining development processes."""
How do you handle feedback from peers or managers?,"""I appreciate constructive feedback and try to use it to improve my work.""","""I actively seek and apply constructive feedback to improve my skills and ensure high-quality work."""
Can you describe a time you had a conflict with a colleague and how you handled it?,"""There was a disagreement over project priorities, and I worked to understand their perspective before we found a compromise.""","""I had a conflict over project priorities, so I initiated a discussion to align goals and found a solution that balanced both perspectives."""
What do you do when you encounter a problem you don’t know how to solve?,"""I usually start by researching and breaking the problem into smaller parts to figure it out.""","""I break the problem down, research solutions, and leverage my network or documentation to find the best approach."""
What’s a project you’re particularly proud of?,"""I worked on a challenging project that required optimizing performance, and it was rewarding to see the improvements.""","""I led a project to optimize system performance, reducing response time by 40%, which significantly improved user experience."""
How do you stay up to date with the latest technology trends?,"""I try to follow industry news, read tech blogs, and experiment with new tools when I can.""","""I stay updated by following tech blogs, contributing to open-source projects, and attending conferences or webinars."""
What kind of work environment do you thrive in?,"""I work best in a collaborative and structured environment where I can learn from others.""","""I thrive in a collaborative, fast-paced environment where I can contribute to solving complex challenges while continuously learning."""
What do you do in your free time outside of work?,"""I like exploring new technologies, but I also enjoy hobbies like reading and hiking.""","""I enjoy coding side projects, reading about emerging tech, and staying active through hiking and fitness."""
Where do you see yourself in five years?,"""I hope to grow my skills and take on more responsibility in technical leadership.""","""In five years, I aim to be in a senior engineering or leadership role, contributing to innovative projects and mentoring junior engineers."""
What do you value most in a team?,"""I appreciate good communication and collaboration where everyone supports each other.""","""I value strong communication, mutual respect, and a culture of knowledge sharing in a team."""
How do you balance multiple projects or tasks at once?,"""I try to prioritize tasks based on urgency and impact while keeping track of deadlines.""","""I use task management tools, set clear priorities, and allocate time efficiently to balance multiple projects effectively."""
How do you handle failure?,"""I try to analyze what went wrong, learn from it, and apply those lessons moving forward.""","""I view failure as a learning opportunity, analyzing mistakes and improving my approach to ensure better outcomes in the future."""
What role do you usually take in a team?,"""I usually take on a problem-solving role and try to contribute where I can.""","""I take on a proactive role, offering solutions, collaborating with team members, and ensuring we achieve our goals efficiently."""
How do you define success in your career?,"""I think success is about continuous growth, solving meaningful problems, and making a positive impact.""","""I define success as making a tangible impact through problem-solving, mentoring others, and continuously growing as an engineer."""
What’s one thing you’d like to improve about yourself professionally?,"""I’d like to improve my ability to explain complex technical concepts in a more accessible way.""","""I am working on improving my ability to simplify and communicate complex technical concepts for a wider audience."""
Why do you want to work at this company?,"""I’m really interested in the work this company does, and I think it aligns with my skills.""","""I admire this company's mission and culture, and I believe my skills in [relevant area] would contribute to its success."""
How do you prioritize tasks when everything feels urgent?,"""I try to assess the impact of each task and focus on what will have the biggest effect first.""","""I evaluate task urgency based on business impact, use priority frameworks like Eisenhower Matrix, and communicate with stakeholders for alignment."""
Can you describe a time when you had to learn a new technology quickly?,"""I was once assigned a project requiring a framework I wasn’t familiar with, so I spent time researching and experimenting with it.""","""I had to work with a new cloud technology on short notice, so I quickly studied documentation, built small prototypes, and successfully integrated it into our system."""
What do you do if a project is falling behind schedule?,"""I assess the reasons for the delay and work with the team to adjust priorities or find ways to speed up development.""","""I identify bottlenecks, reallocate resources, and collaborate with the team to implement an efficient strategy to get the project back on track."""
How do you ensure effective communication in a remote or hybrid work environment?,"""I try to stay responsive on messaging platforms and participate actively in meetings.""","""I prioritize clear documentation, regular check-ins, and proactive communication to ensure alignment and efficiency in a remote setting."""
Have you ever had to take ownership of a mistake? How did you handle it?,"""Yes, I once misjudged a deadline, and I made sure to communicate the issue and work on a solution quickly.""","""I made an error in an implementation that caused a minor outage. I immediately owned up to it, found a fix, and implemented a process to prevent it from happening again."""
What do you think makes a great software engineer?,"""I think a great software engineer is always willing to learn, collaborate, and write efficient code.""","""A great software engineer is adaptable, analytical, and focused on writing scalable, maintainable, and high-quality code while collaborating effectively."""
How do you approach giving feedback to a colleague?,"""I try to be constructive and focus on how we can improve things together.""","""I provide feedback with clarity, focusing on specific areas of improvement while acknowledging strengths and offering actionable suggestions."""
Have you ever had to push back on a requirement from a stakeholder?,"""Yes, I’ve had to clarify technical constraints and suggest alternatives when a requirement wasn’t feasible.""","""I have pushed back on unrealistic requirements by providing technical reasoning, proposing alternatives, and aligning on a practical solution."""
What do you think is the biggest challenge in software development today?,"""Keeping up with rapidly changing technologies and ensuring code quality while meeting deadlines is challenging.""","""Balancing rapid technological advancements, security concerns, and scalability while maintaining high-quality code is a key challenge in modern software development."""
What do you do when a teammate isn’t contributing their fair share?,"""I try to understand their perspective and encourage collaboration to ensure work is distributed fairly.""","""I address the situation by discussing workload distribution, offering support, and escalating the issue if necessary to ensure team efficiency."""
How do you make sure your code is maintainable?,"""I follow best practices like writing clear code, using comments, and adhering to style guides.""","""I write clean, modular code, follow design patterns, use proper documentation, and ensure thorough testing for maintainability."""
Can you describe a time when you had to take initiative on a project?,"""I noticed an inefficiency in our deployment process and worked on a script to automate it.""","""I identified a bottleneck in our CI/CD pipeline and developed an automated solution that reduced deployment time by 40%."""
How do you deal with ambiguity in a project?,"""I try to gather as much information as possible and clarify requirements before moving forward.""","""I break down the problem, ask key questions to clarify uncertainties, and iterate quickly based on feedback to ensure progress."""
What do you do when you disagree with your manager’s decision?,"""I try to understand their perspective and, if necessary, respectfully present an alternative viewpoint.""","""I assess the reasoning behind the decision, provide data-driven insights if I have a different perspective, and align on the best course of action collaboratively."""
What role do mentorship and learning play in your career?,"""I think mentorship and continuous learning are important for growth, and I try to engage in both whenever possible.""","""I actively seek mentorship opportunities, both as a mentor and mentee, and prioritize continuous learning to stay ahead in my field."""
How do you approach long-term career growth?,"""I set goals for learning new skills and seek opportunities to take on more responsibility.""","""I set clear career goals, continuously upskill, and seek challenging projects that align with my long-term aspirations."""
Can you describe a time when you had to make a difficult decision at work?,"""I had to choose between two technical approaches, and I weighed the pros and cons carefully before deciding.""","""I had to decide between refactoring a legacy system or building from scratch. After evaluating risks and consulting stakeholders, I led the refactoring effort, reducing technical debt while meeting deadlines."""
How do you handle working with a difficult team member?,"""I try to stay professional, focus on our goals, and address any concerns through open communication.""","""I remain professional, communicate expectations clearly, and seek to understand their perspective while keeping the team’s success in focus."""
What’s the best piece of career advice you’ve received?,"""Someone once told me to always be open to learning, which has helped me grow professionally.""","""The best advice I received was to embrace challenges and continuous learning, which has shaped my approach to professional growth."""
What motivates you to do your best work?,"""I enjoy solving problems and seeing the impact of my work, which keeps me motivated.""","""I'm driven by challenges, continuous learning, and the satisfaction of building efficient and impactful solutions."""
How do you handle stress and tight deadlines?,"""I try to stay organized, break tasks into smaller steps, and focus on one thing at a time.""","""I prioritize tasks, stay calm under pressure, and use time management techniques to meet deadlines without compromising quality."""
Tell me about a time you had to quickly adapt to a major change.,"""I was once moved to a new project with little notice, so I quickly familiarized myself with the requirements and adjusted my workflow.""","""My team had to shift to a new tech stack mid-project. I proactively learned the technology, guided my team, and ensured a smooth transition."""
How do you handle competing priorities?,"""I evaluate the urgency of each task and try to manage my time effectively.""","""I assess business impact, align with stakeholders, and use prioritization frameworks to ensure the most critical tasks get completed first."""
How do you respond to constructive criticism?,"""I try to take feedback positively and see it as a way to improve.""","""I actively seek feedback, view it as an opportunity for growth, and implement suggestions to refine my work."""
What’s a project you’re particularly proud of?,"""I worked on a project where we improved system efficiency, and it was really rewarding to see the results.""","""I led a project that optimized our system’s response time by 40%, improving performance and user experience significantly."""
What do you do when you feel overwhelmed with work?,"""I take a step back, prioritize tasks, and seek help if needed.""","""I break tasks into manageable steps, delegate when possible, and use structured approaches to stay on top of my workload."""
How do you stay up to date with industry trends?,"""I follow tech blogs and try to read about new developments in the field.""","""I actively follow industry blogs, attend tech conferences, and engage in online communities to stay ahead of trends."""
What’s the most difficult problem you’ve had to solve in your career?,"""I had to debug a complex issue in a system, and it took a lot of testing and troubleshooting.""","""I tackled a production outage where a rare concurrency issue caused failures. I identified the root cause, deployed a fix, and implemented monitoring to prevent future issues."""
How do you maintain a work-life balance?,"""I try to set boundaries and make time for things outside of work.""","""I set clear work boundaries, prioritize efficiency, and make time for personal activities to maintain balance."""
Tell me about a time when you had to work with a difficult client or stakeholder.,"""I had a situation where a stakeholder had changing requirements, so I worked to clarify expectations and find a solution.""","""A client frequently changed requirements, so I proactively improved communication, provided structured updates, and managed expectations effectively."""
What do you do if you make a mistake at work?,"""I acknowledge it, try to fix it quickly, and learn from the experience.""","""I take responsibility immediately, find a solution, implement fixes, and document lessons learned to prevent recurrence."""
What kind of work environment do you thrive in?,"""I work best in an environment where there’s collaboration and a focus on learning.""","""I thrive in a fast-paced, collaborative environment where innovation, teamwork, and continuous learning are valued."""
How do you approach setting and achieving goals?,"""I set realistic goals and track my progress to stay on course.""","""I set clear, measurable goals, break them into actionable steps, and regularly track progress to ensure achievement."""
What’s your approach to handling ambiguity in projects?,"""I try to clarify as much as I can, then take an iterative approach to move forward.""","""I embrace ambiguity by gathering available information, asking key questions, and iterating quickly based on new insights."""
Can you describe a time when you had to work on a project outside of your comfort zone?,"""I was once assigned a task requiring a skill I wasn’t familiar with, so I took the time to learn and complete it successfully.""","""I led an AI-driven analytics project without prior experience in machine learning. I quickly upskilled, collaborated with experts, and successfully delivered the solution."""
What’s your leadership style?,"""I try to be supportive and collaborative, helping team members do their best work.""","""I lead by example, fostering collaboration, empowering team members, and ensuring clear direction and support for success."""
Have you ever had to mentor someone? How did you approach it?,"""Yes, I’ve helped junior colleagues by sharing knowledge and guiding them through tasks.""","""I’ve mentored junior developers, providing structured guidance, knowledge-sharing sessions, and code reviews to help them grow."""
What would you do if you disagreed with a team decision?,"""I’d share my perspective respectfully and try to find common ground.""","""I’d present my reasoning with supporting data, encourage open discussion, and work toward a solution that aligns with team goals."""
How do you ensure your work aligns with business goals?,"""I try to understand the bigger picture and ensure my work contributes to it.""","""I align my work with business objectives by maintaining clear communication with stakeholders, prioritizing impactful tasks, and focusing on measurable outcomes."""
What would your colleagues say is your greatest strength?,"""I think they’d say I’m reliable and always willing to help.""","""My colleagues would say my greatest strength is problem-solving, as I consistently find efficient and scalable solutions to challenges."""
How do you handle failure?,"""I try to learn from failures and use them as opportunities to improve.""","""I embrace failure as a learning opportunity, analyze what went wrong, and apply lessons to improve future outcomes."""
Have you ever had to convince someone to see things your way?,"""Yes, I’ve had to explain my reasoning and provide data to support my point.""","""Yes, I successfully persuaded stakeholders to adopt a new approach by presenting data-driven insights and demonstrating potential benefits."""
What do you consider your biggest professional achievement?,"""One of my biggest achievements was contributing to a project that had a meaningful impact.""","""My biggest achievement was designing and implementing a scalable system that improved efficiency by 50%, benefiting thousands of users."""
How do you handle difficult feedback?,"""I try to take it constructively and focus on improving.""","""I appreciate direct feedback, analyze it objectively, and use it as an opportunity to refine my skills and approach."""
What skills are you currently working on improving?,"""I’m working on improving my leadership and advanced system design skills.""","""I’m currently deepening my expertise in distributed systems and improving my leadership skills to take on larger responsibilities."""
What’s your long-term career vision?,"""I want to continue growing in my field and take on more challenging projects.""","""My long-term vision is to become a technical leader, driving innovation and leading high-impact projects in scalable systems design."""
How do you define leadership?,"""I think leadership is about guiding and supporting a team while ensuring everyone is aligned toward a common goal.""","""Leadership is about setting a clear vision, empowering team members, and ensuring everyone contributes to achieving shared goals."""
Can you give an example of a time you led a team?,"""I’ve had opportunities to take the lead on projects, where I helped organize tasks and keep the team on track.""","""I led a cross-functional team on a critical project, ensuring smooth coordination, resolving blockers, and delivering results ahead of schedule."""
How do you handle conflicts within a team?,"""I try to understand different perspectives and find a solution that works for everyone.""","""I facilitate open discussions, encourage constructive feedback, and ensure conflicts are resolved in a way that strengthens collaboration."""
What’s your approach to delegation?,"""I try to assign tasks based on strengths while also making sure that no one is overloaded.""","""I delegate strategically, ensuring tasks align with team members’ strengths and development goals while maintaining overall efficiency."""
How do you motivate your team?,"""I believe in recognizing good work and making sure everyone feels valued.""","""I motivate my team by setting clear goals, recognizing achievements, and fostering a supportive environment where everyone can thrive."""
Have you ever had to make a tough decision as a leader?,"""There have been situations where I had to weigh different options carefully before deciding.""","""Yes, I had to make a critical decision under tight deadlines, balancing business needs and team capacity to ensure success."""
How do you collaborate effectively with others?,"""I try to communicate clearly and ensure everyone is aligned on tasks.""","""I prioritize open communication, active listening, and aligning efforts to ensure smooth teamwork."""
How do you handle working with a difficult teammate?,"""I try to understand their perspective and find a way to work together.""","""I focus on clear communication, addressing concerns directly, and finding common ground to maintain productivity."""
Can you describe a time you worked on a team project?,"""I was part of a team that had to solve a complex problem, and we worked together to find the best approach.""","""I worked on a high-impact project where collaboration and knowledge-sharing were key to achieving our goal efficiently."""
How do you handle feedback from teammates?,"""I try to take it constructively and see it as an opportunity to improve.""","""I welcome feedback, view it as an opportunity for growth, and apply it to improve my contributions to the team."""
What do you do if a teammate isn’t pulling their weight?,"""I try to understand their situation and see how I can help before escalating the issue.""","""I address the issue with them directly, offer support, and if necessary, involve leadership to ensure the team stays on track."""
How do you ensure smooth communication in a team setting?,"""I try to keep everyone updated and encourage open discussions.""","""I establish clear communication channels, encourage transparency, and ensure everyone is aligned on goals and expectations."""
How do you approach solving complex problems?,"""I usually break the problem down into smaller parts and analyze the best way forward.""","""I break problems into manageable pieces, analyze root causes, and implement structured solutions efficiently."""
Can you give an example of a time you solved a tough problem?,"""There was a time when I encountered a technical challenge, and I had to test different approaches before finding a solution.""","""I resolved a critical system bottleneck by identifying inefficiencies, optimizing the code, and improving performance significantly."""
How do you handle unexpected challenges?,"""I try to stay calm, reassess the situation, and figure out the best way forward.""","""I stay adaptable, quickly analyze the situation, and develop solutions that keep the project on track."""
Have you ever had to troubleshoot a major issue?,"""Yes, I’ve encountered situations where something didn’t work as expected, and I had to dig deep to find the root cause.""","""I diagnosed and fixed a major production issue by systematically debugging, testing solutions, and implementing a long-term fix."""
How do you balance speed and accuracy when solving a problem?,"""I try to find a balance by ensuring the solution works while keeping efficiency in mind.""","""I prioritize accuracy while optimizing efficiency, ensuring solutions are both reliable and timely."""
What’s your approach to learning from mistakes?,"""I try to reflect on what happened and find ways to improve next time.""","""I analyze mistakes objectively, extract key lessons, and apply them to prevent similar issues in the future."""
